{
  "hash": "3ce5d06e",
  "configHash": "60d7d38b",
  "lockfileHash": "4a0f02af",
  "browserHash": "87a6bc66",
  "optimized": {
    "@angular/common": {
      "src": "../../../../../node_modules/@angular/common/fesm2022/common.mjs",
      "file": "@angular_common.js",
      "fileHash": "1383719e",
      "needsInterop": false
    },
    "@angular/common/http": {
      "src": "../../../../../node_modules/@angular/common/fesm2022/http.mjs",
      "file": "@angular_common_http.js",
      "fileHash": "a766272e",
      "needsInterop": false
    },
    "@angular/core": {
      "src": "../../../../../node_modules/@angular/core/fesm2022/core.mjs",
      "file": "@angular_core.js",
      "fileHash": "b02d37f6",
      "needsInterop": false
    },
    "@angular/forms": {
      "src": "../../../../../node_modules/@angular/forms/fesm2022/forms.mjs",
      "file": "@angular_forms.js",
      "fileHash": "dfa4ff7e",
      "needsInterop": false
    },
    "@angular/platform-browser": {
      "src": "../../../../../node_modules/@angular/platform-browser/fesm2022/platform-browser.mjs",
      "file": "@angular_platform-browser.js",
      "fileHash": "4667c63d",
      "needsInterop": false
    },
    "@angular/router": {
      "src": "../../../../../node_modules/@angular/router/fesm2022/router.mjs",
      "file": "@angular_router.js",
      "fileHash": "32e08670",
      "needsInterop": false
    }
  },
  "chunks": {
    "chunk-G3CAMNV2": {
      "file": "chunk-G3CAMNV2.js"
    },
    "chunk-JGZPNO5Q": {
      "file": "chunk-JGZPNO5Q.js"
    },
    "chunk-CLFKRVZH": {
      "file": "chunk-CLFKRVZH.js"
    },
    "chunk-XHMXEJF3": {
      "file": "chunk-XHMXEJF3.js"
    }
  }
}